scrape,open,exceptions
https://www.globalsouthopportunities.com/category/jobs/,https://www.linkedin.com/mynetwork/catch-up/all/ ,https://premium70.web-hosting.com:2096/
https://opportunitydesk.org/category/fellowships-and-scholarships/page/2/,https://www.linkedin.com/search/results/content/?datePosted=%22past-week%22&keywords=nextjs%20hiring&origin=FACETED_SEARCH&sid=_Zi&sortBy=%22date_posted%22,
https://opportunitydesk.org/category/contests/,https://x.com/search?q=application%20open%20grant&src=recent_search_click&f=live,
https://opportunitydesk.org/category/contests/page/2,https://x.com/search?q=africa%20grant%20apply&src=typed_query&f=live,
https://opportunitydesk.org/category/training-and-conference/training/,https://x.com/search?q=apply%20nigeria%20startup&src=typed_query&f=live,
"https://opportunitydesk.org/category/training-and-conference/training/page/2/""",https://x.com/search?q=apply%20africa%20startup&src=typed_query&f=live,
https://opportunitydesk.org/category/grants/,https://x.com/search?q=apply%20pitch%20africa&src=typed_query&f=live,
https://opportunitydesk.org/category/grants/page/2/ ,https://x.com/search?q=apply%20opportunity%20africa&src=typed_query&f=live,
https://opportunitydesk.org/category/fellowships/,https://x.com/search?q=apply%20frontend%20developer%20&src=typed_query&f=live,
https://opportunitydesk.org/category/fellowships/page/2/,https://x.com/search?q=fund%20apply%20opportunity%20africa&src=typed_query&f=live,
https://opportunitydesk.org/category/jobs-and-internships/,https://x.com/search?q=frontend%20developer%20nigeria&src=typed_query&f=live,
https://opportunitydesk.org/category/jobs-and-internships/page/2,https://x.com/jobs/1723098683741294910?q=fullstack&ltype=remote,
www.scholarshipsandaid.org ,https://x.com/jobs/1732218443842322582?q=frontend&ltype=remote,
www.scholarshipsandaid.org/page/2/ ,https://jobs.joinimagine.com/jobs,
www.scholarshipsandaid.org/page/3/,https://x.com/search?q=fund%20apply%20opportunity&src=typed_query&f=live,
www.scholarshipsandaid.org/page/4/,training apply opportunity,
www.scholarshipsandaid.org/page/5/,https://www.workatastartup.com/companies?demographic=any&hasEquity=any&hasSalary=any&industry=any&interviewProcess=any&jobType=any&layout=list-compact&sortBy=created_desc&tab=any&usVisaNotRequired=any,
https://yeshub.ng/category/jobs-grants/,,
https://yeshub.ng/category/jobs-grants/page/2/,,
https://yeshub.ng/category/fellowship/ ,,
https://yeshub.ng/category/fellowship/page/2/,,
https://yeshub.ng/category/opportunities/,,
https://yeshub.ng/category/opportunities/page/2,,
https://yeshub.ng/category/scholarships/,,
https://yeshub.ng/category/scholarships/page/2/,,
https://yeshub.ng/category/recruitment/,,
https://yeshub.ng/category/recruitment/page/2/,,
https://www.opportunitiesforafricans.com/category/call-for-applications/ ,,
https://www.opportunitiesforafricans.com/category/scholarships/,,
https://www.opportunitiesforafricans.com/category/fellowships/,,
https://www.opportunitiesforafricans.com/category/internships/,,
https://www.opportunitiesforafricans.com/category/contests/,,
wwww.opportunitiesforyouth.org ,,
https://airtable.com/app0DUXl9ZTUCN0Y7/shrWKGYH0YwfuKQg6/tbljHWjqoXKt7hJGX ,,
https://jobs.joinimagine.com/jobs ,,
https://www2.fundsforngos.org/tag/nigeria/,,
https://www2.fundsforngos.org/tag/nigeria/page/2/,,
https://www2.fundsforngos.org/tag/nigeria/page/3/,,
https://msmeafricaonline.com/category/opportunities/,,
https://msmeafricaonline.com/category/opportunities/page/2/,,
https://msmeafricaonline.com/category/opportunities/page/3/,,
https://www.globalsouthopportunities.com/category/scholarships/,,
https://www.globalsouthopportunities.com/category/jobs/,,
https://www.globalsouthopportunities.com/category/internships/,,
https://www.globalsouthopportunities.com/category/funding/,,
https://www.globalsouthopportunities.com/category/fellowships/,,
